1,병철,김,21,대전,010-7845-9865,120
2,성민,최,44,광주,010-8787-9898,220
3,병만,김,46,서울,011-1122-2233,480
4,우시,박,17,대구,010-9898-6565,10
5,은경,서,22,부산,010-7874-1251,220
6,핸재,박,38,울산,010-7814-6895,854
7,지현,최,41,인천,011-7548-2351,488
8,보람,송,37,서울,010-4814-6252,785
9,수성,최,12,대전,010-4822-4777,123
10,도윤,박,22,강원,010-9898-5465,284
11,희경,최,78,경북,019-7854-7855,1201
12,고은,박,51,경남,010-8854-2144,1511
13,영식,이,31,전남,010-7825-7845,100
14,승배,한,18,제주,010-7878-8884,1253
15,우진,이,68,제주,010-7115-6546,1110
16,예은,박,36,강원,010-1213-4754,750
17,예지,송,31,경북,010-3541-4778,330
18,호영,김,33,전북,010-8554-4787,310
19,수종,김,47,전남,010-7848-1118,410
20,재민,박,39,대구,010-7414-2455,840